roc_auc,loss
0.9339483955510336,0.1954520046710968
