roc_auc,loss
0.8524812214416404,0.37166815996170044
