roc_auc,loss
0.9335833861211984,0.3827331066131592
