roc_auc,loss
0.937524537725514,0.20859259366989136
