roc_auc,loss
0.965505569105105,0.22037100791931152
