roc_auc,loss
0.8994897752902198,0.24920792877674103
