roc_auc,loss
0.9534150715512251,0.19531406462192535
