roc_auc,loss
0.8722675615085039,0.3013264834880829
