roc_auc,loss
0.9705867412076283,0.05615527182817459
