roc_auc,loss
0.9649186951948264,0.08627960085868835
