roc_auc,loss
0.8609236790192514,0.32733842730522156
