roc_auc,loss
0.8919897366525917,0.29081207513809204
