roc_auc,loss
0.9643803303659043,0.14329548180103302
