roc_auc,loss
0.9157107668356582,0.24835994839668274
