roc_auc,loss
0.8461740698494916,0.3755204677581787
