roc_auc,loss
0.8537177427499003,0.3007497191429138
