roc_auc,loss
0.9626856951482751,0.25397083163261414
