roc_auc,loss
0.9490038000855991,0.1608944833278656
