roc_auc,loss
0.8964710683413791,0.2551167607307434
