roc_auc,loss
0.9661031539842887,0.12970468401908875
