roc_auc,loss
0.9800769609412017,0.07705078274011612
