roc_auc,loss
0.9033536933120336,0.17806077003479004
