roc_auc,loss
0.9531988381225284,0.19030021131038666
